match_id,group,team,opponent,goals_for,goals_against,goal_diff,result,points,is_host
1,A,Mexico,South Africa,2,0,2,Win,3,1
1,A,South Africa,Mexico,0,2,-2,Loss,0,0
2,A,South Korea,Czechia,2,1,1,Win,3,0
2,A,Czechia,South Korea,1,2,-1,Loss,0,0
3,A,Czechia,South Africa,1,1,0,Draw,1,0
3,A,South Africa,Czechia,1,1,0,Draw,1,0
4,A,Mexico,South Korea,1,0,1,Win,3,1
4,A,South Korea,Mexico,0,1,-1,Loss,0,0
5,A,Mexico,Czechia,3,0,3,Win,3,1
5,A,Czechia,Mexico,0,3,-3,Loss,0,0
6,A,South Africa,South Korea,1,0,1,Win,3,0
6,A,South Korea,South Africa,0,1,-1,Loss,0,0
7,B,Canada,Bosnia and Herzegovina,1,1,0,Draw,1,1
7,B,Bosnia and Herzegovina,Canada,1,1,0,Draw,1,0
8,B,Switzerland,Qatar,1,1,0,Draw,1,0
8,B,Qatar,Switzerland,1,1,0,Draw,1,0
9,B,Switzerland,Bosnia and Herzegovina,4,1,3,Win,3,0
9,B,Bosnia and Herzegovina,Switzerland,1,4,-3,Loss,0,0
10,B,Canada,Qatar,6,0,6,Win,3,1
10,B,Qatar,Canada,0,6,-6,Loss,0,0
11,B,Switzerland,Canada,3,1,2,Win,3,0
11,B,Canada,Switzerland,1,3,-2,Loss,0,1
12,B,Bosnia and Herzegovina,Qatar,3,1,2,Win,3,0
12,B,Qatar,Bosnia and Herzegovina,1,3,-2,Loss,0,0
13,C,Brazil,Morocco,1,1,0,Draw,1,0
13,C,Morocco,Brazil,1,1,0,Draw,1,0
14,C,Scotland,Haiti,1,0,1,Win,3,0
14,C,Haiti,Scotland,0,1,-1,Loss,0,0
15,C,Scotland,Morocco,0,1,-1,Loss,0,0
15,C,Morocco,Scotland,1,0,1,Win,3,0
16,C,Brazil,Haiti,3,0,3,Win,3,0
16,C,Haiti,Brazil,0,3,-3,Loss,0,0
17,C,Scotland,Brazil,0,3,-3,Loss,0,0
17,C,Brazil,Scotland,3,0,3,Win,3,0
18,C,Morocco,Haiti,4,2,2,Win,3,0
18,C,Haiti,Morocco,2,4,-2,Loss,0,0
19,D,USA,Paraguay,4,1,3,Win,3,1
19,D,Paraguay,USA,1,4,-3,Loss,0,0
20,D,Australia,Turkiye,2,0,2,Win,3,0
20,D,Turkiye,Australia,0,2,-2,Loss,0,0
21,D,USA,Australia,2,0,2,Win,3,1
21,D,Australia,USA,0,2,-2,Loss,0,0
22,D,Turkiye,Paraguay,0,1,-1,Loss,0,0
22,D,Paraguay,Turkiye,1,0,1,Win,3,0
23,D,Turkiye,USA,3,2,1,Win,3,0
23,D,USA,Turkiye,2,3,-1,Loss,0,1
24,D,Paraguay,Australia,0,0,0,Draw,1,0
24,D,Australia,Paraguay,0,0,0,Draw,1,0
25,E,Germany,Curacao,7,1,6,Win,3,0
25,E,Curacao,Germany,1,7,-6,Loss,0,0
26,E,Ivory Coast,Ecuador,1,0,1,Win,3,0
26,E,Ecuador,Ivory Coast,0,1,-1,Loss,0,0
27,E,Germany,Ivory Coast,2,1,1,Win,3,0
27,E,Ivory Coast,Germany,1,2,-1,Loss,0,0
28,E,Ecuador,Curacao,0,0,0,Draw,1,0
28,E,Curacao,Ecuador,0,0,0,Draw,1,0
29,E,Curacao,Ivory Coast,0,2,-2,Loss,0,0
29,E,Ivory Coast,Curacao,2,0,2,Win,3,0
30,E,Ecuador,Germany,2,1,1,Win,3,0
30,E,Germany,Ecuador,1,2,-1,Loss,0,0
31,F,Netherlands,Japan,2,2,0,Draw,1,0
31,F,Japan,Netherlands,2,2,0,Draw,1,0
32,F,Sweden,Tunisia,5,1,4,Win,3,0
32,F,Tunisia,Sweden,1,5,-4,Loss,0,0
33,F,Netherlands,Sweden,5,1,4,Win,3,0
33,F,Sweden,Netherlands,1,5,-4,Loss,0,0
34,F,Japan,Tunisia,4,0,4,Win,3,0
34,F,Tunisia,Japan,0,4,-4,Loss,0,0
35,F,Japan,Sweden,1,1,0,Draw,1,0
35,F,Sweden,Japan,1,1,0,Draw,1,0
36,F,Netherlands,Tunisia,3,1,2,Win,3,0
36,F,Tunisia,Netherlands,1,3,-2,Loss,0,0
37,G,Belgium,Egypt,1,1,0,Draw,1,0
37,G,Egypt,Belgium,1,1,0,Draw,1,0
38,G,Iran,New Zealand,2,2,0,Draw,1,0
38,G,New Zealand,Iran,2,2,0,Draw,1,0
39,G,Belgium,Iran,0,0,0,Draw,1,0
39,G,Iran,Belgium,0,0,0,Draw,1,0
40,G,Egypt,New Zealand,3,1,2,Win,3,0
40,G,New Zealand,Egypt,1,3,-2,Loss,0,0
41,G,Egypt,Iran,1,1,0,Draw,1,0
41,G,Iran,Egypt,1,1,0,Draw,1,0
42,G,Belgium,New Zealand,5,1,4,Win,3,0
42,G,New Zealand,Belgium,1,5,-4,Loss,0,0
43,H,Spain,Cape Verde,0,0,0,Draw,1,0
43,H,Cape Verde,Spain,0,0,0,Draw,1,0
44,H,Saudi Arabia,Uruguay,1,1,0,Draw,1,0
44,H,Uruguay,Saudi Arabia,1,1,0,Draw,1,0
45,H,Spain,Saudi Arabia,4,0,4,Win,3,0
45,H,Saudi Arabia,Spain,0,4,-4,Loss,0,0
46,H,Uruguay,Cape Verde,2,2,0,Draw,1,0
46,H,Cape Verde,Uruguay,2,2,0,Draw,1,0
47,H,Cape Verde,Saudi Arabia,0,0,0,Draw,1,0
47,H,Saudi Arabia,Cape Verde,0,0,0,Draw,1,0
48,H,Spain,Uruguay,1,0,1,Win,3,0
48,H,Uruguay,Spain,0,1,-1,Loss,0,0
49,I,France,Senegal,3,1,2,Win,3,0
49,I,Senegal,France,1,3,-2,Loss,0,0
50,I,Norway,Iraq,4,1,3,Win,3,0
50,I,Iraq,Norway,1,4,-3,Loss,0,0
51,I,France,Iraq,3,0,3,Win,3,0
51,I,Iraq,France,0,3,-3,Loss,0,0
52,I,Norway,Senegal,3,2,1,Win,3,0
52,I,Senegal,Norway,2,3,-1,Loss,0,0
53,I,France,Norway,4,1,3,Win,3,0
53,I,Norway,France,1,4,-3,Loss,0,0
54,I,Senegal,Iraq,5,0,5,Win,3,0
54,I,Iraq,Senegal,0,5,-5,Loss,0,0
55,J,Argentina,Algeria,3,0,3,Win,3,0
55,J,Algeria,Argentina,0,3,-3,Loss,0,0
56,J,Austria,Jordan,3,1,2,Win,3,0
56,J,Jordan,Austria,1,3,-2,Loss,0,0
57,J,Argentina,Austria,2,0,2,Win,3,0
57,J,Austria,Argentina,0,2,-2,Loss,0,0
58,J,Jordan,Algeria,1,2,-1,Loss,0,0
58,J,Algeria,Jordan,2,1,1,Win,3,0
59,J,Argentina,Jordan,3,1,2,Win,3,0
59,J,Jordan,Argentina,1,3,-2,Loss,0,0
60,J,Austria,Algeria,3,3,0,Draw,1,0
60,J,Algeria,Austria,3,3,0,Draw,1,0
61,K,Portugal,DR Congo,1,1,0,Draw,1,0
61,K,DR Congo,Portugal,1,1,0,Draw,1,0
62,K,Uzbekistan,Colombia,1,3,-2,Loss,0,0
62,K,Colombia,Uzbekistan,3,1,2,Win,3,0
63,K,Portugal,Uzbekistan,5,0,5,Win,3,0
63,K,Uzbekistan,Portugal,0,5,-5,Loss,0,0
64,K,Colombia,DR Congo,1,0,1,Win,3,0
64,K,DR Congo,Colombia,0,1,-1,Loss,0,0
65,K,Colombia,Portugal,0,0,0,Draw,1,0
65,K,Portugal,Colombia,0,0,0,Draw,1,0
66,K,DR Congo,Uzbekistan,3,1,2,Win,3,0
66,K,Uzbekistan,DR Congo,1,3,-2,Loss,0,0
67,L,England,Croatia,4,2,2,Win,3,0
67,L,Croatia,England,2,4,-2,Loss,0,0
68,L,Ghana,Panama,1,0,1,Win,3,0
68,L,Panama,Ghana,0,1,-1,Loss,0,0
69,L,England,Ghana,0,0,0,Draw,1,0
69,L,Ghana,England,0,0,0,Draw,1,0
70,L,Panama,Croatia,0,1,-1,Loss,0,0
70,L,Croatia,Panama,1,0,1,Win,3,0
71,L,England,Panama,2,0,2,Win,3,0
71,L,Panama,England,0,2,-2,Loss,0,0
72,L,Croatia,Ghana,2,1,1,Win,3,0
72,L,Ghana,Croatia,1,2,-1,Loss,0,0
